https://www.iau.org/science/scientific_bodies/centres/
https://ui.adsabs.harvard.edu/abs/1998P&SS...46..299M
https://doi.org/10.1016%2FS0032-0633%2896%2900153-5
https://web.archive.org/web/20160413020115/http://minorplanetcenter.net/NEOCPblog/
http://minorplanetcenter.net/NEOCPblog/
http://www.nasonline.org/publications/biographical-memoirs/memoir-pdfs/herget-paul.pdf
//www.worldcat.org/oclc/45729798
https://ui.adsabs.harvard.edu/abs/1980CeMec..22...63M
https://doi.org/10.1007%2FBF01228757
https://api.semanticscholar.org/CorpusID:119526916
https://web.archive.org/web/20150814031126/http://minorplanetcenter.net/blog/minor-planet-center-director-steps-down/
http://www.minorplanetcenter.net/blog/?p=911
https://www.minorplanetcenter.net/mpec/K10/K10W10.html
https://web.archive.org/web/20150526013828/http://www.minorplanetcenter.org/blog/?p=922
http://www.minorplanetcenter.org/blog/?p=922
https://www.minorplanetcenter.net/mpec/K21/K21D60.html
https://minorplanetcenter.net/about
https://minorplanetcenter.net//iau/services/MPCServices.html
https://www.minorplanetcenter.net/iau/ECS/MPCArchive/MPCArchive_TBL.html
https://www.iau.org/science/scientific_bodies/divisions/F/
http://www.minorplanetcenter.net
https://minorplanetcenter.net//iau/ECS/MPCArchive/MPCArchive_TBL.html
https://minorplanetcenter.net//iau/MPCORB.html
https://web.archive.org/web/20160325123230/http://iawn.net/2015_national_harbor/MPC_IAWN_Holman.pdf
https://www.minorplanetcenter.net/mpec/RecentMPECs.html
https://www.youtube.com/watch?v=W3nU_6XEsck
https://www.youtube.com/watch?v=Ar_h-zAccsY
https://www.youtube.com/watch?v=8M_27st1ZCI
https://isni.org/isni/0000000117030968
https://viaf.org/viaf/136956218
https://www.worldcat.org/identities/lccn-n86828424/
https://d-nb.info/gnd/5510284-0
https://id.loc.gov/authorities/names/n86828424
https://aleph.nkp.cz/F/?func=find-c&local_base=aut&ccl_term=ica=ko2011425783&CON_LNG=ENG
https://www.idref.fr/07374879X